-- phpMyAdmin SQL Dump
-- version 3.3.8
-- http://www.phpmyadmin.net
--
-- Host: localhost
-- Generation Time: Jul 01, 2013 at 07:37 AM
-- Server version: 5.0.67
-- PHP Version: 5.2.8

SET SQL_MODE="NO_AUTO_VALUE_ON_ZERO";


/*!40101 SET @OLD_CHARACTER_SET_CLIENT=@@CHARACTER_SET_CLIENT */;
/*!40101 SET @OLD_CHARACTER_SET_RESULTS=@@CHARACTER_SET_RESULTS */;
/*!40101 SET @OLD_COLLATION_CONNECTION=@@COLLATION_CONNECTION */;
/*!40101 SET NAMES utf8 */;

--
-- Database: `shiv`
--

-- --------------------------------------------------------

--
-- Table structure for table `item`
--

CREATE TABLE IF NOT EXISTS `item` (
  `itemId` int(11) NOT NULL auto_increment,
  `itemPrice` int(11) NOT NULL,
  `itemName` varchar(100) character set utf8 NOT NULL,
  PRIMARY KEY  (`itemId`)
) ENGINE=InnoDB  DEFAULT CHARSET=latin1 AUTO_INCREMENT=48 ;

--
-- Dumping data for table `item`
--

INSERT INTO `item` (`itemId`, `itemPrice`, `itemName`) VALUES
(1, 35, 'Ice Cream'),
(2, 40, 'Ice Cream'),
(3, 60, 'Shiv Special'),
(4, 30, 'King Cone'),
(5, 25, 'Candy'),
(6, 35, 'Sp. Mava Candy'),
(7, 100, 'Sunday'),
(8, 50, 'Juice'),
(9, 70, 'Faluda'),
(10, 45, 'Chickoo Pl'),
(11, 75, 'Vanila/Coffee Pl'),
(12, 95, 'Shake Pl'),
(13, 140, 'Shake Sp'),
(14, 120, 'Noodles'),
(15, 140, 'Mush/Manch Noodles'),
(16, 120, 'Rice/Bhel'),
(17, 140, 'Pan/Mus Rice'),
(18, 120, 'M.Gravy/Dry'),
(19, 180, 'Pan.Ch.Gravy/Dry'),
(20, 190, 'Trippal Schezuan'),
(21, 150, 'Pizza'),
(22, 180, 'Shiv Special Pizaa'),
(23, 130, 'Club'),
(24, 90, 'Grill'),
(25, 85, 'Non Grill'),
(26, 130, 'Oven Tost'),
(27, 80, 'Garlic Bread'),
(29, 25, 'Cold Drink'),
(30, 20, 'Mineral Water'),
(31, 30, 'Extra Dry Fruits'),
(32, 40, 'Mashroom Paneer'),
(33, 20, 'Manchurian Chopsuey'),
(34, 30, 'Extra Per Toppings'),
(35, 10, 'Extra Chutney'),
(36, 50, 'Chickoo Spacial'),
(37, 80, 'Vanila/Coffee Spacial'),
(38, 100, 'Shake Spacial'),
(39, 150, 'Shake Sp. Sp.'),
(40, 85, 'Burger'),
(41, 80, 'French Fries'),
(42, 18, 'Ice Cream Half'),
(43, 20, 'Ice Cream Half'),
(44, 30, 'Ice Cream Half'),
(45, 350, 'Ice Cream'),
(46, 400, 'Ice Cream'),
(47, 600, 'Shiv Special IceCream');

-- --------------------------------------------------------

--
-- Table structure for table `ordereditems`
--

CREATE TABLE IF NOT EXISTS `ordereditems` (
  `orderedItemsId` int(11) NOT NULL auto_increment,
  `orderId` int(11) NOT NULL,
  `itemId` int(11) NOT NULL,
  `quantity` double NOT NULL default '0',
  `weight` int(11) NOT NULL default '0',
  `orderTime` time default NULL,
  `userName` varchar(255) character set utf8 default NULL,
  PRIMARY KEY  (`orderedItemsId`)
) ENGINE=InnoDB  DEFAULT CHARSET=latin1 AUTO_INCREMENT=688 ;

--
-- Dumping data for table `ordereditems`
--

INSERT INTO `ordereditems` (`orderedItemsId`, `orderId`, `itemId`, `quantity`, `weight`, `orderTime`, `userName`) VALUES
(1, 1, 36, 1, 0, '09:55:00', 'om'),
(2, 1, 24, 1, 0, '09:55:00', 'om'),
(3, 1, 21, 1, 0, '09:55:00', 'om'),
(4, 1, 9, 1, 0, '09:55:00', 'om'),
(5, 1, 37, 1, 0, '09:55:00', 'om'),
(6, 1, 8, 1, 0, '09:56:00', 'om'),
(7, 1, 24, 1, 0, '09:56:00', 'om'),
(8, 1, 36, 1, 0, '09:56:00', 'om'),
(9, 1, 3, 1, 0, '09:56:00', 'om'),
(10, 2, 23, 1, 0, '09:56:00', 'om'),
(11, 2, 21, 1, 0, '09:56:00', 'om'),
(12, 2, 9, 1, 0, '09:56:00', 'om'),
(13, 2, 29, 1, 0, '09:56:00', 'om'),
(14, 2, 38, 1, 0, '09:56:00', 'om'),
(15, 2, 37, 1, 0, '09:56:00', 'om'),
(16, 2, 11, 1, 0, '09:56:00', 'om'),
(17, 3, 10, 1, 0, '09:57:00', 'om'),
(18, 3, 36, 1, 0, '09:57:00', 'om'),
(19, 3, 2, 1, 0, '09:57:00', 'om'),
(20, 3, 1, 1, 0, '09:57:00', 'om'),
(21, 3, 9, 1, 0, '09:57:00', 'om'),
(22, 3, 24, 1, 0, '09:57:00', 'om'),
(23, 3, 8, 1, 0, '09:57:00', 'om'),
(24, 3, 4, 1, 0, '09:57:00', 'om'),
(25, 4, 10, 1, 0, '09:58:00', 'om'),
(26, 4, 2, 1, 0, '09:59:00', 'om'),
(27, 4, 23, 1, 0, '09:59:00', 'om'),
(28, 4, 21, 1, 0, '09:59:00', 'om'),
(29, 4, 25, 1, 0, '09:59:00', 'om'),
(30, 4, 24, 1, 0, '09:59:00', 'om'),
(31, 5, 10, 1, 0, '09:59:00', 'om'),
(32, 5, 36, 1, 0, '09:59:00', 'om'),
(33, 5, 1, 1, 0, '09:59:00', 'om'),
(34, 5, 2, 1, 0, '09:59:00', 'om'),
(35, 5, 4, 1, 0, '09:59:00', 'om'),
(36, 5, 4, 1, 0, '09:59:00', 'om'),
(37, 5, 24, 1, 0, '09:59:00', 'om'),
(38, 5, 8, 1, 0, '09:59:00', 'om'),
(39, 5, 9, 1, 0, '09:59:00', 'om'),
(40, 5, 37, 1, 0, '09:59:00', 'om'),
(41, 5, 11, 1, 0, '09:59:00', 'om'),
(42, 6, 10, 1, 0, '09:59:00', 'om'),
(43, 6, 36, 1, 0, '09:59:00', 'om'),
(44, 6, 29, 1, 0, '09:59:00', 'om'),
(45, 6, 16, 1, 0, '09:59:00', 'om'),
(46, 6, 21, 1, 0, '09:59:00', 'om'),
(47, 6, 9, 1, 0, '09:59:00', 'om'),
(48, 6, 37, 1, 0, '09:59:00', 'om'),
(49, 6, 11, 1, 0, '09:59:00', 'om'),
(50, 6, 10, 1, 0, '09:59:00', 'om'),
(51, 6, 36, 1, 0, '09:59:00', 'om'),
(52, 6, 24, 1, 0, '09:59:00', 'om'),
(53, 6, 5, 1, 0, '09:59:00', 'om'),
(54, 6, 4, 1, 0, '09:59:00', 'om'),
(55, 6, 3, 1, 0, '09:59:00', 'om'),
(56, 6, 2, 1, 0, '09:59:00', 'om'),
(57, 6, 1, 1, 0, '09:59:00', 'om'),
(58, 7, 8, 1, 0, '10:03:00', 'om'),
(59, 7, 38, 1, 0, '10:03:00', 'om'),
(60, 8, 32, 1, 0, '10:07:00', 'om'),
(61, 8, 17, 1, 0, '10:07:00', 'om'),
(62, 9, 41, 1, 0, '10:10:00', 'om'),
(63, 9, 25, 1, 0, '10:10:00', 'om'),
(64, 9, 41, 1, 0, '10:11:00', 'om'),
(65, 9, 41, 1, 0, '10:11:00', 'om'),
(66, 9, 41, 1, 0, '10:11:00', 'om'),
(67, 9, 41, 1, 0, '10:11:00', 'om'),
(68, 9, 25, 1, 0, '10:11:00', 'om'),
(69, 9, 25, 1, 0, '10:11:00', 'om'),
(70, 9, 41, 1, 0, '10:12:00', 'om'),
(71, 10, 27, 1, 0, '10:13:00', 'om'),
(72, 10, 41, 2, 0, '10:13:00', 'om'),
(73, 11, 8, 1, 0, '10:14:00', 'om'),
(74, 11, 25, 1, 0, '10:14:00', 'om'),
(75, 11, 4, 1, 0, '10:14:00', 'om'),
(76, 11, 3, 1, 0, '10:14:00', 'om'),
(94, 13, 1, 1, 0, '10:21:00', 'om'),
(95, 13, 25, 5, 0, '10:21:00', 'om'),
(96, 13, 27, 1, 0, '10:21:00', 'om'),
(97, 13, 38, 1, 0, '10:22:00', 'om'),
(98, 13, 20, 1, 0, '10:22:00', 'om'),
(99, 13, 32, 1, 0, '10:22:00', 'om'),
(100, 13, 34, 1, 0, '10:22:00', 'om'),
(106, 13, 45, 1, 250, '10:29:00', 'om'),
(107, 13, 2, 1, 0, '10:29:00', 'om'),
(108, 13, 3, 1, 0, '10:29:00', 'om'),
(109, 13, 45, 1, 1000, '10:29:00', 'om'),
(110, 13, 2, 1, 1000, '10:29:00', 'om'),
(111, 13, 3, 1, 1000, '10:29:00', 'om'),
(112, 13, 45, 1, 1000, '10:29:00', 'om'),
(113, 14, 45, 1, 1000, '10:30:00', 'om'),
(114, 14, 47, 1, 750, '10:30:00', 'om'),
(115, 14, 46, 1, 250, '10:30:00', 'om'),
(116, 15, 25, 1, 0, '10:30:00', 'om'),
(117, 15, 40, 1, 0, '10:30:00', 'om'),
(118, 15, 21, 1, 0, '10:31:00', 'om'),
(119, 15, 8, 1, 0, '10:31:00', 'om'),
(120, 16, 26, 1, 0, '10:31:00', 'om'),
(121, 16, 24, 1, 0, '10:31:00', 'om'),
(122, 16, 40, 1, 0, '10:31:00', 'om'),
(123, 16, 25, 1, 0, '10:31:00', 'om'),
(124, 16, 8, 1, 0, '10:31:00', 'om'),
(125, 16, 8, 1, 0, '10:31:00', 'om'),
(126, 16, 25, 1, 0, '10:31:00', 'om'),
(127, 16, 40, 1, 0, '10:31:00', 'om'),
(128, 16, 4, 1, 0, '10:31:00', 'om'),
(129, 16, 8, 1, 0, '10:32:00', 'om'),
(130, 17, 24, 1, 0, '10:32:00', 'om'),
(131, 17, 25, 1, 0, '10:32:00', 'om'),
(132, 17, 9, 1, 0, '10:32:00', 'om'),
(133, 18, 10, 1, 0, '10:35:00', 'om'),
(134, 18, 8, 1, 0, '10:35:00', 'om'),
(135, 19, 36, 1, 0, '10:35:00', 'om'),
(136, 19, 3, 1, 0, '10:35:00', 'om'),
(137, 19, 2, 1, 0, '10:35:00', 'om'),
(138, 19, 27, 1, 0, '10:36:00', 'om'),
(139, 19, 27, 1, 0, '10:36:00', 'om'),
(140, 19, 27, 1, 0, '10:36:00', 'om'),
(141, 19, 37, 1, 0, '10:37:00', 'om'),
(142, 19, 36, 1, 0, '10:37:00', 'om'),
(143, 19, 2, 1, 0, '10:37:00', 'om'),
(144, 18, 1, 1, 0, '10:37:00', 'om'),
(145, 18, 10, 1, 0, '10:37:00', 'om'),
(146, 18, 24, 1, 0, '10:37:00', 'om'),
(147, 20, 25, 1, 0, '10:49:00', 'om'),
(148, 20, 4, 1, 0, '10:49:00', 'om'),
(149, 20, 8, 1, 0, '10:49:00', 'om'),
(150, 20, 24, 1, 0, '10:49:00', 'om'),
(151, 20, 40, 1, 0, '10:49:00', 'om'),
(152, 19, 27, 1, 0, '19:29:00', 'om'),
(153, 21, 45, 1, 250, '20:03:00', 'om'),
(154, 22, 45, 1, 250, '20:04:00', 'om'),
(155, 23, 10, 1, 0, '11:25:00', 'om'),
(156, 23, 36, 1, 0, '11:25:00', 'om'),
(157, 23, 41, 1, 0, '11:25:00', 'om'),
(158, 24, 36, 1, 0, '11:37:00', 'om'),
(159, 24, 8, 1, 0, '11:37:00', 'om'),
(160, 24, 24, 1, 0, '11:37:00', 'om'),
(161, 24, 21, 1, 0, '11:37:00', 'om'),
(162, 24, 9, 1, 0, '11:37:00', 'om'),
(163, 23, 29, 1, 0, '11:38:00', 'om'),
(164, 23, 29, 1, 0, '11:38:00', 'om'),
(165, 25, 42, 1, 0, '17:20:00', 'om'),
(166, 25, 43, 1, 0, '17:20:00', 'om'),
(167, 25, 24, 1, 0, '17:20:00', 'om'),
(168, 25, 21, 1, 0, '17:20:00', 'om'),
(169, 25, 8, 1, 0, '17:20:00', 'om'),
(170, 25, 41, 1, 0, '17:20:00', 'om'),
(171, 25, 7, 1, 0, '17:20:00', 'om'),
(172, 25, 5, 1, 0, '17:20:00', 'om'),
(174, 26, 8, 1, 0, '17:29:00', 'om'),
(175, 26, 24, 1, 0, '17:29:00', 'om'),
(176, 26, 21, 1, 0, '17:29:00', 'om'),
(177, 26, 9, 1, 0, '17:29:00', 'om'),
(179, 26, 25, 1, 0, '17:29:00', 'om'),
(180, 26, 40, 1, 0, '17:29:00', 'om'),
(182, 26, 7, 1, 0, '17:29:00', 'om'),
(185, 26, 10, 1, 0, '17:29:00', 'om'),
(186, 27, 36, 1, 0, '17:31:00', 'om'),
(187, 27, 8, 1, 0, '17:31:00', 'om'),
(188, 27, 24, 1, 0, '17:31:00', 'om'),
(189, 27, 4, 1, 0, '17:31:00', 'om'),
(190, 27, 9, 1, 0, '17:31:00', 'om'),
(191, 27, 21, 1, 0, '17:31:00', 'om'),
(192, 27, 37, 1, 0, '17:31:00', 'om'),
(193, 27, 16, 1, 0, '17:31:00', 'om'),
(194, 27, 29, 1, 0, '17:31:00', 'om'),
(195, 26, 6, 1, 0, '17:35:00', 'om'),
(196, 26, 22, 1, 0, '17:35:00', 'om'),
(197, 26, 37, 1, 0, '17:37:00', 'om'),
(198, 26, 11, 1, 0, '17:37:00', 'om'),
(199, 26, 17, 1, 0, '17:37:00', 'om'),
(200, 26, 15, 1, 0, '17:37:00', 'om'),
(201, 26, 19, 1, 0, '17:37:00', 'om'),
(202, 26, 11, 1, 0, '17:40:00', 'om'),
(203, 28, 36, 1, 0, '19:09:00', 'om'),
(204, 28, 24, 1, 0, '19:09:00', 'om'),
(205, 28, 21, 1, 0, '19:10:00', 'om'),
(206, 28, 21, 1, 0, '19:10:00', 'om'),
(207, 28, 9, 1, 0, '19:10:00', 'om'),
(208, 28, 37, 5, 0, '19:10:00', 'om'),
(209, 28, 16, 1, 0, '19:10:00', 'om'),
(210, 29, 26, 1, 0, '19:14:00', 'om'),
(211, 29, 40, 1, 0, '19:14:00', 'om'),
(212, 29, 40, 1, 0, '19:14:00', 'om'),
(213, 29, 25, 1, 0, '19:14:00', 'om'),
(214, 29, 21, 4, 0, '19:14:00', 'om'),
(215, 30, 36, 1, 0, '19:14:00', 'om'),
(216, 30, 24, 1, 0, '19:14:00', 'om'),
(217, 30, 4, 1, 0, '19:14:00', 'om'),
(218, 30, 8, 1, 0, '19:14:00', 'om'),
(219, 30, 37, 1, 0, '19:14:00', 'om'),
(220, 30, 21, 1, 0, '19:14:00', 'om'),
(221, 30, 9, 1, 0, '19:14:00', 'om'),
(222, 30, 38, 1, 0, '19:14:00', 'om'),
(223, 30, 11, 1, 0, '19:14:00', 'om'),
(224, 31, 36, 1, 0, '19:14:00', 'om'),
(225, 31, 8, 1, 0, '19:14:00', 'om'),
(226, 31, 37, 1, 0, '19:14:00', 'om'),
(227, 31, 21, 1, 0, '19:14:00', 'om'),
(228, 31, 24, 1, 0, '19:14:00', 'om'),
(229, 31, 8, 1, 0, '19:14:00', 'om'),
(230, 31, 36, 1, 0, '19:14:00', 'om'),
(231, 31, 10, 1, 0, '19:14:00', 'om'),
(232, 31, 11, 1, 0, '19:14:00', 'om'),
(233, 32, 18, 1, 0, '19:20:00', 'om'),
(234, 33, 26, 1, 0, '19:25:00', 'om'),
(235, 33, 23, 1, 0, '19:25:00', 'om'),
(236, 33, 26, 3, 0, '19:25:00', 'om'),
(237, 33, 23, 1, 0, '19:25:00', 'om'),
(238, 33, 14, 1, 0, '19:25:00', 'om'),
(239, 33, 19, 1, 0, '19:25:00', 'om'),
(240, 33, 26, 1, 0, '19:25:00', 'om'),
(241, 34, 26, 1, 0, '19:31:00', 'om'),
(242, 34, 23, 1, 0, '19:31:00', 'om'),
(243, 34, 25, 1, 0, '19:31:00', 'om'),
(244, 34, 40, 1, 0, '19:31:00', 'om'),
(245, 34, 41, 1, 0, '19:31:00', 'om'),
(246, 35, 25, 1, 0, '19:35:00', 'om'),
(247, 35, 40, 1, 0, '19:35:00', 'om'),
(248, 35, 25, 7, 0, '19:35:00', 'om'),
(249, 35, 16, 1, 0, '19:35:00', 'om'),
(250, 36, 27, 1, 0, '19:36:00', 'om'),
(251, 36, 21, 1, 0, '19:36:00', 'om'),
(252, 36, 25, 1, 0, '19:36:00', 'om'),
(253, 36, 27, 1, 0, '19:36:00', 'om'),
(254, 36, 18, 1, 0, '19:36:00', 'om'),
(255, 37, 26, 1, 0, '19:36:00', 'om'),
(256, 37, 40, 1, 0, '19:36:00', 'om'),
(257, 37, 25, 1, 0, '19:36:00', 'om'),
(258, 37, 21, 1, 0, '19:36:00', 'om'),
(259, 37, 18, 1, 0, '19:36:00', 'om'),
(260, 37, 14, 1, 0, '19:36:00', 'om'),
(261, 37, 15, 1, 0, '19:36:00', 'om'),
(262, 21, 19, 1, 0, '19:38:00', 'om'),
(263, 21, 18, 1, 0, '19:38:00', 'om'),
(264, 21, 14, 1, 0, '19:38:00', 'om'),
(265, 21, 23, 1, 0, '19:38:00', 'om'),
(266, 21, 19, 1, 0, '19:39:00', 'om'),
(267, 38, 10, 1, 0, '19:39:00', 'om'),
(268, 38, 36, 1, 0, '19:39:00', 'om'),
(269, 38, 8, 1, 0, '19:39:00', 'om'),
(270, 38, 2, 1, 0, '19:39:00', 'om'),
(271, 38, 9, 1, 0, '19:39:00', 'om'),
(272, 38, 21, 1, 0, '19:39:00', 'om'),
(273, 38, 38, 1, 0, '19:39:00', 'om'),
(274, 39, 10, 1, 0, '19:40:00', 'om'),
(275, 39, 2, 1, 0, '19:40:00', 'om'),
(276, 39, 3, 1, 0, '19:40:00', 'om'),
(277, 39, 37, 1, 0, '19:40:00', 'om'),
(278, 39, 9, 1, 0, '19:40:00', 'om'),
(279, 39, 8, 1, 0, '19:40:00', 'om'),
(280, 39, 36, 1, 0, '19:40:00', 'om'),
(281, 40, 36, 1, 0, '19:40:00', 'om'),
(282, 40, 8, 1, 0, '19:40:00', 'om'),
(283, 40, 8, 1, 0, '19:40:00', 'om'),
(284, 40, 37, 1, 0, '19:40:00', 'om'),
(285, 40, 11, 1, 0, '19:40:00', 'om'),
(286, 41, 12, 2, 0, '10:34:00', 'om'),
(287, 41, 38, 4, 0, '10:34:00', 'om'),
(288, 41, 16, 4, 0, '10:34:00', 'om'),
(289, 41, 30, 1, 0, '10:34:00', 'om'),
(290, 41, 39, 1, 0, '10:34:00', 'om'),
(291, 42, 38, 1, 0, '09:38:00', 'om'),
(292, 42, 37, 1, 0, '09:38:00', 'om'),
(293, 42, 21, 1, 0, '09:38:00', 'om'),
(294, 42, 16, 1, 0, '09:38:00', 'om'),
(295, 42, 29, 1, 0, '09:38:00', 'om'),
(296, 42, 30, 1, 0, '09:38:00', 'om'),
(297, 42, 39, 1, 0, '09:38:00', 'om'),
(298, 42, 11, 1, 0, '09:38:00', 'om'),
(299, 42, 9, 1, 0, '09:38:00', 'om'),
(300, 43, 18, 1, 0, '09:41:00', 'om'),
(301, 43, 26, 1, 0, '09:41:00', 'om'),
(302, 43, 23, 1, 0, '09:41:00', 'om'),
(303, 43, 14, 1, 0, '09:41:00', 'om'),
(304, 43, 16, 1, 0, '09:41:00', 'om'),
(305, 44, 23, 1, 0, '09:42:00', 'om'),
(306, 44, 26, 1, 0, '09:42:00', 'om'),
(307, 44, 14, 1, 0, '09:42:00', 'om'),
(308, 44, 15, 1, 0, '09:42:00', 'om'),
(309, 44, 22, 1, 0, '09:42:00', 'om'),
(310, 44, 18, 1, 0, '09:42:00', 'om'),
(311, 44, 19, 1, 0, '09:42:00', 'om'),
(312, 44, 27, 1, 0, '09:42:00', 'om'),
(313, 44, 26, 1, 0, '09:42:00', 'om'),
(314, 45, 18, 1, 0, '09:43:00', 'om'),
(315, 45, 23, 1, 0, '09:43:00', 'om'),
(316, 45, 14, 1, 0, '09:43:00', 'om'),
(317, 45, 17, 1, 0, '09:43:00', 'om'),
(318, 46, 26, 1, 0, '09:44:00', 'om'),
(319, 46, 23, 1, 0, '09:44:00', 'om'),
(320, 46, 14, 1, 0, '09:44:00', 'om'),
(321, 47, 26, 1, 0, '09:45:00', 'om'),
(322, 47, 23, 1, 0, '09:45:00', 'om'),
(323, 47, 16, 1, 0, '09:45:00', 'om'),
(324, 47, 19, 1, 0, '09:45:00', 'om'),
(325, 47, 26, 1, 0, '09:45:00', 'om'),
(326, 48, 41, 2, 0, '09:47:00', 'om'),
(327, 48, 7, 8, 0, '09:47:00', 'om'),
(328, 49, 26, 2, 0, '09:49:00', 'om'),
(329, 50, 19, 3, 0, '09:51:00', 'om'),
(330, 50, 27, 4, 0, '09:51:00', 'om'),
(331, 51, 23, 1, 0, '09:54:00', 'om'),
(332, 51, 26, 1, 0, '09:54:00', 'om'),
(333, 51, 14, 1, 0, '09:54:00', 'om'),
(334, 51, 27, 1, 0, '09:54:00', 'om'),
(335, 52, 1, 5, 0, '09:54:00', 'om'),
(336, 52, 3, 3, 0, '09:54:00', 'om'),
(337, 53, 19, 1, 0, '09:55:00', 'om'),
(338, 53, 23, 1, 0, '09:55:00', 'om'),
(339, 53, 26, 1, 0, '09:55:00', 'om'),
(340, 54, 10, 1, 0, '09:56:00', 'om'),
(341, 54, 36, 1, 0, '09:56:00', 'om'),
(342, 54, 2, 1, 0, '09:56:00', 'om'),
(343, 54, 3, 1, 0, '09:56:00', 'om'),
(344, 55, 1, 1, 0, '10:00:00', 'om'),
(345, 55, 3, 1, 0, '10:00:00', 'om'),
(346, 55, 9, 1, 0, '10:00:00', 'om'),
(347, 54, 27, 2, 0, '10:00:00', 'om'),
(348, 54, 41, 1, 0, '10:00:00', 'om'),
(349, 56, 41, 2, 0, '10:00:00', 'om'),
(350, 56, 7, 5, 0, '10:00:00', 'om'),
(351, 56, 40, 2, 0, '10:00:00', 'om'),
(352, 57, 1, 1, 0, '10:03:00', 'om'),
(353, 57, 41, 2, 0, '10:03:00', 'om'),
(354, 55, 24, 1, 0, '10:03:00', 'om'),
(355, 55, 8, 1, 0, '10:03:00', 'om'),
(356, 55, 26, 1, 0, '10:03:00', 'om'),
(357, 55, 14, 1, 0, '10:03:00', 'om'),
(358, 58, 2, 1, 0, '10:03:00', 'om'),
(359, 58, 5, 1, 0, '10:03:00', 'om'),
(360, 58, 24, 1, 0, '10:03:00', 'om'),
(361, 58, 37, 1, 0, '10:03:00', 'om'),
(362, 58, 11, 1, 0, '10:03:00', 'om'),
(363, 58, 36, 1, 0, '10:03:00', 'om'),
(364, 58, 26, 1, 0, '10:03:00', 'om'),
(365, 58, 23, 1, 0, '10:03:00', 'om'),
(366, 58, 17, 1, 0, '10:04:00', 'om'),
(367, 58, 29, 1, 0, '10:04:00', 'om'),
(368, 59, 38, 1, 0, '10:04:00', 'om'),
(369, 59, 37, 1, 0, '10:04:00', 'om'),
(370, 59, 9, 1, 0, '10:04:00', 'om'),
(371, 59, 21, 1, 0, '10:04:00', 'om'),
(372, 59, 24, 1, 0, '10:04:00', 'om'),
(373, 59, 8, 1, 0, '10:04:00', 'om'),
(374, 59, 36, 1, 0, '10:04:00', 'om'),
(375, 59, 37, 1, 0, '10:04:00', 'om'),
(376, 59, 11, 1, 0, '10:04:00', 'om'),
(377, 59, 21, 1, 0, '10:04:00', 'om'),
(378, 59, 23, 1, 0, '10:04:00', 'om'),
(379, 60, 1, 2, 0, '10:04:00', 'om'),
(380, 60, 2, 2, 0, '10:04:00', 'om'),
(381, 60, 1, 2, 0, '10:05:00', 'om'),
(382, 60, 3, 1, 0, '10:05:00', 'om'),
(383, 61, 19, 1, 0, '10:08:00', 'om'),
(384, 61, 18, 1, 0, '10:08:00', 'om'),
(385, 61, 26, 1, 0, '10:08:00', 'om'),
(386, 62, 18, 1, 0, '10:09:00', 'om'),
(387, 62, 18, 1, 0, '10:09:00', 'om'),
(388, 62, 26, 1, 0, '10:09:00', 'om'),
(389, 62, 23, 1, 0, '10:09:00', 'om'),
(390, 63, 19, 1, 0, '10:10:00', 'om'),
(391, 63, 18, 1, 0, '10:10:00', 'om'),
(392, 63, 26, 1, 0, '10:10:00', 'om'),
(393, 63, 23, 1, 0, '10:10:00', 'om'),
(394, 64, 18, 1, 0, '10:12:00', 'om'),
(395, 64, 14, 1, 0, '10:12:00', 'om'),
(396, 64, 23, 1, 0, '10:12:00', 'om'),
(397, 65, 7, 2, 0, '10:13:00', 'om'),
(398, 65, 6, 2, 0, '10:13:00', 'om'),
(399, 66, 41, 5, 0, '10:15:00', 'om'),
(400, 66, 7, 5, 0, '10:15:00', 'om'),
(401, 67, 27, 5, 0, '10:17:00', 'om'),
(402, 68, 23, 1, 0, '10:19:00', 'om'),
(403, 68, 14, 1, 0, '10:19:00', 'om'),
(404, 68, 26, 1, 0, '10:19:00', 'om'),
(405, 68, 18, 1, 0, '10:19:00', 'om'),
(406, 69, 38, 2, 0, '10:19:00', 'om'),
(407, 69, 21, 1, 0, '10:19:00', 'om'),
(408, 70, 8, 1, 0, '10:19:00', 'om'),
(409, 70, 36, 1, 0, '10:19:00', 'om'),
(410, 70, 3, 1, 0, '10:19:00', 'om'),
(411, 71, 10, 1, 0, '10:23:00', 'om'),
(412, 71, 36, 1, 0, '10:23:00', 'om'),
(413, 71, 2, 1, 0, '10:23:00', 'om'),
(414, 71, 3, 1, 0, '10:23:00', 'om'),
(415, 72, 3, 1, 0, '10:23:00', 'om'),
(416, 73, 2, 1, 0, '10:23:00', 'om'),
(417, 73, 3, 1, 0, '10:23:00', 'om'),
(418, 73, 4, 1, 0, '10:23:00', 'om'),
(419, 74, 36, 1, 0, '10:23:00', 'om'),
(420, 74, 2, 1, 0, '10:23:00', 'om'),
(421, 74, 3, 1, 0, '10:23:00', 'om'),
(422, 74, 21, 1, 0, '10:23:00', 'om'),
(423, 74, 9, 1, 0, '10:23:00', 'om'),
(424, 74, 37, 1, 0, '10:23:00', 'om'),
(425, 75, 36, 1, 0, '10:23:00', 'om'),
(426, 75, 2, 1, 0, '10:23:00', 'om'),
(427, 75, 3, 1, 0, '10:23:00', 'om'),
(428, 75, 4, 1, 0, '10:23:00', 'om'),
(429, 76, 10, 1, 0, '10:23:00', 'om'),
(430, 76, 36, 1, 0, '10:23:00', 'om'),
(431, 76, 3, 1, 0, '10:23:00', 'om'),
(432, 76, 4, 1, 0, '10:24:00', 'om'),
(433, 77, 36, 1, 0, '10:24:00', 'om'),
(434, 77, 2, 1, 0, '10:24:00', 'om'),
(435, 77, 3, 1, 0, '10:24:00', 'om'),
(436, 77, 21, 1, 0, '10:24:00', 'om'),
(437, 77, 8, 1, 0, '10:24:00', 'om'),
(438, 77, 2, 1, 0, '10:24:00', 'om'),
(439, 77, 2, 1, 0, '10:24:00', 'om'),
(440, 77, 1, 1, 0, '10:24:00', 'om'),
(441, 78, 18, 1, 0, '10:32:00', 'om'),
(442, 78, 26, 1, 0, '10:32:00', 'om'),
(443, 78, 23, 1, 0, '10:32:00', 'om'),
(444, 79, 19, 1, 0, '10:33:00', 'om'),
(445, 79, 18, 1, 0, '10:33:00', 'om'),
(446, 79, 23, 1, 0, '10:33:00', 'om'),
(447, 79, 14, 1, 0, '10:33:00', 'om'),
(448, 79, 20, 1, 0, '10:33:00', 'om'),
(449, 79, 19, 1, 0, '10:33:00', 'om'),
(450, 80, 41, 2, 0, '10:38:00', 'om'),
(451, 81, 36, 1, 0, '10:39:00', 'om'),
(452, 81, 36, 5, 0, '10:39:00', 'om'),
(453, 82, 10, 2, 0, '10:46:00', 'om'),
(454, 83, 27, 2, 0, '10:47:00', 'om'),
(455, 84, 41, 3, 0, '10:48:00', 'om'),
(456, 85, 27, 2, 0, '10:50:00', 'om'),
(457, 86, 7, 5, 0, '10:51:00', 'om'),
(458, 55, 41, 1, 0, '10:59:00', 'om'),
(459, 87, 19, 1, 0, '10:59:00', 'om'),
(460, 55, 27, 1, 0, '11:00:00', 'om'),
(461, 88, 19, 1, 0, '11:00:00', 'om'),
(462, 88, 27, 1, 0, '11:00:00', 'om'),
(463, 89, 41, 5, 0, '11:01:00', 'om'),
(464, 90, 41, 5, 0, '11:02:00', 'om'),
(465, 91, 27, 2, 0, '11:03:00', 'om'),
(466, 55, 19, 1, 0, '11:06:00', 'om'),
(467, 92, 19, 1, 0, '11:06:00', 'om'),
(468, 93, 27, 2, 0, '11:07:00', 'om'),
(469, 94, 10, 2, 0, '11:09:00', 'om'),
(470, 21, 40, 1, 0, '11:10:00', 'om'),
(471, 21, 25, 1, 0, '11:10:00', 'om'),
(472, 21, 5, 1, 0, '11:10:00', 'om'),
(473, 21, 4, 1, 0, '11:10:00', 'om'),
(474, 21, 23, 1, 0, '11:10:00', 'om'),
(475, 21, 26, 1, 0, '11:10:00', 'om'),
(476, 21, 27, 1, 0, '11:10:00', 'om'),
(477, 21, 18, 1, 0, '11:10:00', 'om'),
(478, 95, 9, 1, 0, '11:11:00', 'om'),
(479, 95, 8, 1, 0, '11:11:00', 'om'),
(480, 95, 25, 1, 0, '11:11:00', 'om'),
(481, 95, 40, 1, 0, '11:11:00', 'om'),
(482, 96, 40, 1, 0, '11:11:00', 'om'),
(483, 96, 25, 1, 0, '11:11:00', 'om'),
(484, 96, 24, 1, 0, '11:11:00', 'om'),
(485, 96, 5, 1, 0, '11:11:00', 'om'),
(486, 96, 5, 1, 0, '11:11:00', 'om'),
(487, 96, 5, 1, 0, '11:11:00', 'om'),
(488, 96, 6, 1, 0, '11:11:00', 'om'),
(489, 96, 5, 1, 0, '11:11:00', 'om'),
(490, 96, 4, 1, 0, '11:11:00', 'om'),
(491, 96, 24, 1, 0, '11:11:00', 'om'),
(492, 96, 25, 1, 0, '11:11:00', 'om'),
(493, 96, 40, 1, 0, '11:11:00', 'om'),
(494, 96, 41, 1, 0, '11:11:00', 'om'),
(495, 96, 7, 1, 0, '11:11:00', 'om'),
(496, 96, 6, 1, 0, '11:11:00', 'om'),
(497, 96, 6, 1, 0, '11:11:00', 'om'),
(498, 96, 5, 1, 0, '11:11:00', 'om'),
(499, 96, 5, 1, 0, '11:11:00', 'om'),
(500, 96, 25, 1, 0, '11:11:00', 'om'),
(501, 96, 6, 1, 0, '11:11:00', 'om'),
(502, 96, 6, 1, 0, '11:11:00', 'om'),
(503, 96, 6, 1, 0, '11:11:00', 'om'),
(504, 96, 25, 1, 0, '11:11:00', 'om'),
(505, 96, 14, 1, 0, '11:11:00', 'om'),
(506, 96, 18, 1, 0, '11:11:00', 'om'),
(507, 96, 32, 1, 0, '11:11:00', 'om'),
(508, 96, 34, 1, 0, '11:11:00', 'om'),
(509, 96, 43, 1, 0, '11:11:00', 'om'),
(510, 96, 30, 1, 0, '11:12:00', 'om'),
(511, 96, 29, 1, 0, '11:12:00', 'om'),
(512, 96, 9, 1, 0, '11:12:00', 'om'),
(513, 97, 19, 5, 0, '11:12:00', 'om'),
(514, 98, 10, 1, 0, '11:15:00', 'om'),
(515, 98, 8, 1, 0, '11:15:00', 'om'),
(516, 98, 4, 1, 0, '11:15:00', 'om'),
(517, 98, 23, 1, 0, '11:15:00', 'om'),
(518, 98, 26, 1, 0, '11:15:00', 'om'),
(519, 98, 40, 1, 0, '11:15:00', 'om'),
(520, 99, 14, 1, 0, '11:16:00', 'om'),
(521, 99, 16, 1, 0, '11:16:00', 'om'),
(522, 99, 18, 1, 0, '11:16:00', 'om'),
(523, 99, 26, 1, 0, '11:16:00', 'om'),
(524, 100, 37, 1, 0, '17:49:00', 'om'),
(525, 100, 21, 1, 0, '17:49:00', 'om'),
(526, 100, 16, 1, 0, '17:49:00', 'om'),
(527, 100, 29, 1, 0, '17:49:00', 'om'),
(528, 100, 38, 1, 0, '17:49:00', 'om'),
(529, 100, 12, 1, 0, '17:49:00', 'om'),
(530, 101, 10, 1, 0, '17:50:00', 'om'),
(531, 101, 36, 1, 0, '17:50:00', 'om'),
(532, 101, 2, 1, 0, '17:50:00', 'om'),
(533, 101, 1, 1, 0, '17:50:00', 'om'),
(534, 101, 3, 1, 0, '17:50:00', 'om'),
(535, 101, 4, 1, 0, '17:50:00', 'om'),
(536, 101, 41, 1, 0, '17:50:00', 'om'),
(537, 101, 7, 1, 0, '17:50:00', 'om'),
(538, 101, 6, 1, 0, '17:50:00', 'om'),
(539, 102, 10, 1, 0, '17:50:00', 'om'),
(540, 102, 1, 1, 0, '17:50:00', 'om'),
(541, 102, 2, 1, 0, '17:50:00', 'om'),
(542, 102, 3, 1, 0, '17:50:00', 'om'),
(543, 102, 8, 1, 0, '17:50:00', 'om'),
(544, 102, 36, 1, 0, '17:50:00', 'om'),
(545, 102, 10, 1, 0, '17:50:00', 'om'),
(546, 102, 11, 1, 0, '17:50:00', 'om'),
(547, 102, 16, 1, 0, '17:50:00', 'om'),
(548, 101, 36, 1, 0, '17:50:00', 'om'),
(549, 101, 2, 1, 0, '17:50:00', 'om'),
(550, 101, 1, 1, 0, '17:50:00', 'om'),
(551, 102, 11, 1, 0, '17:50:00', 'om'),
(552, 102, 37, 1, 0, '17:50:00', 'om'),
(553, 102, 36, 1, 0, '17:50:00', 'om'),
(554, 102, 8, 1, 0, '17:51:00', 'om'),
(555, 103, 36, 1, 0, '17:51:00', 'om'),
(556, 103, 8, 1, 0, '17:51:00', 'om'),
(557, 103, 3, 1, 0, '17:51:00', 'om'),
(558, 103, 4, 1, 0, '17:51:00', 'om'),
(559, 103, 24, 1, 0, '17:51:00', 'om'),
(560, 103, 21, 1, 0, '17:51:00', 'om'),
(561, 103, 9, 1, 0, '17:51:00', 'om'),
(562, 103, 45, 1, 1000, '17:51:00', 'om'),
(563, 103, 46, 1, 750, '17:51:00', 'om'),
(564, 104, 11, 1, 0, '17:52:00', 'om'),
(565, 104, 10, 1, 0, '17:52:00', 'om'),
(566, 104, 36, 1, 0, '17:52:00', 'om'),
(567, 104, 8, 1, 0, '17:52:00', 'om'),
(568, 104, 46, 1, 750, '17:52:00', 'om'),
(569, 104, 47, 1, 250, '17:52:00', 'om'),
(570, 104, 45, 1, 500, '17:52:00', 'om'),
(571, 102, 36, 1, 0, '17:54:00', 'om'),
(572, 102, 8, 1, 0, '17:54:00', 'om'),
(573, 102, 10, 1, 0, '17:54:00', 'om'),
(574, 105, 14, 1, 0, '18:05:00', 'om'),
(575, 105, 23, 1, 0, '18:05:00', 'om'),
(576, 105, 26, 1, 0, '18:05:00', 'om'),
(577, 105, 27, 1, 0, '18:05:00', 'om'),
(578, 105, 14, 1, 0, '18:05:00', 'om'),
(579, 105, 18, 1, 0, '18:05:00', 'om'),
(580, 105, 19, 1, 0, '18:05:00', 'om'),
(581, 105, 14, 1, 0, '18:05:00', 'om'),
(582, 105, 16, 1, 0, '18:05:00', 'om'),
(583, 105, 17, 1, 0, '18:05:00', 'om'),
(584, 105, 15, 1, 0, '18:05:00', 'om'),
(585, 105, 20, 1, 0, '18:05:00', 'om'),
(586, 105, 22, 1, 0, '18:05:00', 'om'),
(587, 106, 27, 1, 0, '18:05:00', 'om'),
(588, 106, 26, 1, 0, '18:05:00', 'om'),
(589, 106, 21, 1, 0, '18:05:00', 'om'),
(590, 106, 22, 1, 0, '18:05:00', 'om'),
(591, 106, 22, 1, 0, '18:05:00', 'om'),
(592, 106, 18, 1, 0, '18:06:00', 'om'),
(593, 107, 40, 1, 0, '18:07:00', 'om'),
(594, 107, 41, 1, 0, '18:07:00', 'om'),
(595, 107, 7, 1, 0, '18:07:00', 'om'),
(596, 107, 6, 1, 0, '18:07:00', 'om'),
(598, 109, 41, 1, 0, '18:08:00', 'om'),
(599, 109, 40, 1, 0, '18:08:00', 'om'),
(600, 109, 6, 1, 0, '18:08:00', 'om'),
(601, 109, 7, 1, 0, '18:08:00', 'om'),
(602, 109, 5, 3, 0, '18:09:00', 'om'),
(603, 109, 2, 1, 0, '18:12:00', 'om'),
(604, 109, 9, 1, 0, '18:12:00', 'om'),
(605, 109, 21, 1, 0, '18:12:00', 'om'),
(606, 110, 10, 1, 0, '18:20:00', 'om'),
(607, 110, 36, 1, 0, '18:20:00', 'om'),
(608, 110, 8, 1, 0, '18:20:00', 'om'),
(609, 110, 24, 1, 0, '18:20:00', 'om'),
(610, 110, 4, 1, 0, '18:20:00', 'om'),
(611, 110, 5, 1, 0, '18:20:00', 'om'),
(612, 110, 6, 1, 0, '18:20:00', 'om'),
(613, 110, 24, 1, 0, '18:20:00', 'om'),
(614, 110, 26, 1, 0, '18:20:00', 'om'),
(615, 111, 29, 1, 0, '18:23:00', 'om'),
(616, 111, 29, 5, 0, '18:23:00', 'om'),
(617, 112, 1, 1, 0, '18:32:00', 'om'),
(618, 112, 3, 2, 0, '18:32:00', 'om'),
(619, 112, 7, 4, 0, '18:32:00', 'om'),
(620, 112, 36, 8, 0, '18:32:00', 'om'),
(621, 112, 24, 4, 0, '18:32:00', 'om'),
(622, 112, 37, 5, 0, '18:32:00', 'om'),
(623, 112, 30, 5, 0, '18:32:00', 'om'),
(624, 112, 8, 1, 0, '18:33:00', 'om'),
(625, 112, 45, 1, 1000, '18:33:00', 'om'),
(626, 112, 45, 1, 1000, '18:33:00', 'om'),
(627, 112, 23, 1, 0, '18:33:00', 'om'),
(628, 113, 12, 1, 0, '18:33:00', 'om'),
(629, 113, 42, 2, 0, '18:33:00', 'om'),
(630, 114, 36, 4, 0, '18:34:00', 'om'),
(631, 114, 24, 4, 0, '18:34:00', 'om'),
(632, 114, 11, 4, 0, '18:34:00', 'om'),
(633, 114, 17, 1, 750, '18:35:00', 'om'),
(634, 114, 42, 1, 0, '18:35:00', 'om'),
(635, 114, 15, 3, 0, '18:35:00', 'om'),
(636, 115, 8, 2, 0, '18:36:00', 'om'),
(637, 115, 25, 1, 0, '18:36:00', 'om'),
(638, 116, 2, 5, 0, '18:40:00', 'om'),
(639, 116, 24, 1, 0, '18:40:00', 'om'),
(640, 116, 40, 4, 0, '18:40:00', 'om'),
(641, 116, 23, 1, 0, '18:40:00', 'om'),
(642, 21, 24, 1, 0, '20:01:00', 'om'),
(643, 117, 40, 1, 0, '20:01:00', 'om'),
(644, 118, 8, 4, 0, '10:46:00', 'om'),
(645, 118, 36, 1, 0, '10:47:00', 'om'),
(646, 119, 35, 1, 0, '11:01:00', 'om'),
(647, 119, 20, 1, 0, '11:01:00', 'om'),
(648, 119, 40, 1, 0, '11:01:00', 'om'),
(649, 119, 6, 1, 0, '11:01:00', 'om'),
(650, 119, 25, 1, 0, '11:01:00', 'om'),
(651, 119, 41, 1, 0, '11:01:00', 'om'),
(652, 119, 15, 1, 0, '11:01:00', 'om'),
(653, 55, 1, 1, 0, '11:35:00', 'om'),
(654, 55, 8, 1, 0, '11:35:00', 'om'),
(655, 120, 36, 1, 0, '11:35:00', 'om'),
(656, 120, 10, 1, 0, '11:35:00', 'om'),
(657, 120, 9, 1, 0, '11:35:00', 'om'),
(658, 120, 37, 1, 0, '11:35:00', 'om'),
(659, 120, 11, 1, 0, '11:35:00', 'om'),
(660, 120, 30, 1, 0, '11:35:00', 'om'),
(661, 55, 17, 1, 0, '11:35:00', 'om'),
(662, 120, 16, 1, 0, '11:35:00', 'om'),
(663, 120, 29, 1, 0, '11:35:00', 'om'),
(664, 120, 38, 1, 0, '11:35:00', 'om'),
(665, 120, 12, 1, 0, '11:35:00', 'om'),
(666, 120, 13, 1, 0, '11:35:00', 'om'),
(667, 120, 30, 1, 0, '11:35:00', 'om'),
(668, 121, 1, 1, 0, '11:37:00', 'om'),
(669, 121, 2, 1, 0, '11:37:00', 'om'),
(670, 122, 12, 8, 0, '13:04:00', 'om'),
(671, 122, 21, 1, 0, '13:04:00', 'om'),
(672, 122, 16, 1, 0, '13:04:00', 'om'),
(673, 122, 29, 2, 0, '13:04:00', 'om'),
(674, 122, 30, 1, 0, '13:04:00', 'om'),
(675, 118, 1, 1, 0, '13:05:00', 'om'),
(676, 118, 8, 1, 0, '13:05:00', 'om'),
(677, 123, 10, 1, 0, '13:06:00', 'om'),
(678, 123, 11, 1, 0, '13:06:00', 'om'),
(679, 123, 8, 6, 0, '13:06:00', 'om'),
(680, 118, 18, 1, 0, '13:06:00', 'om'),
(681, 124, 40, 1, 0, '13:06:00', 'om'),
(682, 124, 25, 1, 0, '13:06:00', 'om'),
(683, 125, 7, 1, 0, '13:06:00', 'om'),
(684, 125, 18, 1, 0, '13:06:00', 'om'),
(685, 126, 7, 1, 0, '13:07:00', 'om'),
(686, 126, 18, 1, 0, '13:07:00', 'om'),
(687, 127, 19, 1, 0, '13:07:00', 'om');

-- --------------------------------------------------------

--
-- Table structure for table `ordermaster`
--

CREATE TABLE IF NOT EXISTS `ordermaster` (
  `orderId` int(11) NOT NULL auto_increment,
  `waiterId` int(11) NOT NULL,
  `tableId` int(11) NOT NULL,
  `tablePart` varchar(5) character set utf8 NOT NULL default 'A',
  `startTime` time NOT NULL,
  `startDate` date default NULL,
  `orderstatus` varchar(100) character set utf8 NOT NULL,
  PRIMARY KEY  (`orderId`)
) ENGINE=InnoDB  DEFAULT CHARSET=latin1 AUTO_INCREMENT=128 ;

--
-- Dumping data for table `ordermaster`
--

INSERT INTO `ordermaster` (`orderId`, `waiterId`, `tableId`, `tablePart`, `startTime`, `startDate`, `orderstatus`) VALUES
(13, 7, 13, 'A', '10:21:00', '2013-06-20', 'C'),
(14, 7, 20, 'A', '10:30:00', '2013-06-20', 'C'),
(15, 8, 9, 'B', '10:30:00', '2013-06-20', 'R'),
(16, 8, 9, 'A', '10:31:00', '2013-06-20', 'R'),
(17, 5, 9, 'A', '10:32:00', '2013-06-20', 'R'),
(18, 1, 1, 'B', '10:35:00', '2013-06-20', 'C'),
(19, 1, 1, 'A', '10:35:00', '2013-06-20', 'C'),
(20, 13, 1, 'C', '10:49:00', '2013-06-20', 'C'),
(21, 0, 0, 'A', '20:03:00', '2013-06-20', 'L'),
(22, 2, 3, 'A', '20:04:00', '2013-06-20', 'C'),
(23, 13, 2, 'C', '11:25:00', '2013-06-25', 'C'),
(24, 6, 3, 'C', '11:37:00', '2013-06-25', 'C'),
(25, 7, 4, 'C', '17:20:00', '2013-06-25', 'C'),
(26, 8, 5, 'C', '17:29:00', '2013-06-25', 'C'),
(27, 4, 6, 'C', '17:31:00', '2013-06-25', 'C'),
(28, 7, 23, 'A', '19:09:00', '2013-06-25', 'C'),
(29, 7, 23, 'A', '19:14:00', '2013-06-25', 'C'),
(30, 8, 14, 'A', '19:14:00', '2013-06-25', 'C'),
(31, 6, 12, 'A', '19:14:00', '2013-06-25', 'C'),
(32, 6, 12, 'A', '19:20:00', '2013-06-25', 'C'),
(33, 6, 12, 'A', '19:25:00', '2013-06-25', 'C'),
(34, 6, 12, 'A', '19:31:00', '2013-06-25', 'C'),
(35, 6, 12, 'A', '19:35:00', '2013-06-25', 'C'),
(36, 6, 12, 'A', '19:36:00', '2013-06-25', 'C'),
(37, 6, 12, 'A', '19:36:00', '2013-06-25', 'C'),
(38, 1, 2, 'A', '19:39:00', '2013-06-25', 'C'),
(39, 1, 2, 'A', '19:40:00', '2013-06-25', 'C'),
(40, 1, 8, 'A', '19:40:00', '2013-06-25', 'C'),
(41, 2, 3, 'A', '10:34:00', '2013-06-26', 'C'),
(42, 7, 23, 'A', '09:38:00', '2013-06-27', 'C'),
(43, 7, 23, 'A', '09:41:00', '2013-06-27', 'C'),
(44, 7, 23, 'A', '09:42:00', '2013-06-27', 'C'),
(45, 7, 23, 'A', '09:43:00', '2013-06-27', 'C'),
(46, 7, 23, 'A', '09:44:00', '2013-06-27', 'C'),
(47, 7, 23, 'A', '09:45:00', '2013-06-27', 'C'),
(48, 2, 1, 'A', '09:47:00', '2013-06-27', 'C'),
(49, 2, 1, 'A', '09:49:00', '2013-06-27', 'C'),
(50, 2, 1, 'A', '09:51:00', '2013-06-27', 'C'),
(51, 2, 1, 'A', '09:54:00', '2013-06-27', 'C'),
(52, 2, 1, 'A', '09:54:00', '2013-06-27', 'C'),
(53, 2, 1, 'A', '09:55:00', '2013-06-27', 'C'),
(54, 2, 1, 'A', '09:56:00', '2013-06-27', 'C'),
(55, 0, 4, 'A', '10:00:00', '2013-06-27', 'L'),
(56, 2, 1, 'A', '10:00:00', '2013-06-27', 'C'),
(57, 2, 1, 'A', '10:03:00', '2013-06-27', 'C'),
(58, 0, 27, 'A', '10:03:00', '2013-06-27', 'L'),
(59, 2, 27, 'A', '10:04:00', '2013-06-27', 'C'),
(60, 2, 1, 'A', '10:04:00', '2013-06-27', 'C'),
(61, 2, 1, 'A', '10:08:00', '2013-06-27', 'C'),
(62, 2, 1, 'A', '10:09:00', '2013-06-27', 'C'),
(63, 2, 1, 'A', '10:10:00', '2013-06-27', 'C'),
(64, 2, 1, 'A', '10:12:00', '2013-06-27', 'C'),
(65, 2, 1, 'A', '10:13:00', '2013-06-27', 'C'),
(66, 2, 1, 'A', '10:15:00', '2013-06-27', 'C'),
(67, 2, 1, 'A', '10:17:00', '2013-06-27', 'C'),
(68, 1, 9, 'A', '10:19:00', '2013-06-27', 'R'),
(69, 7, 8, 'A', '10:19:00', '2013-06-27', 'C'),
(70, 6, 24, 'A', '10:19:00', '2013-06-27', 'C'),
(71, 7, 9, 'A', '10:23:00', '2013-06-27', 'C'),
(72, 6, 13, 'A', '10:23:00', '2013-06-27', 'C'),
(73, 2, 7, 'A', '10:23:00', '2013-06-27', 'C'),
(74, 3, 8, 'A', '10:23:00', '2013-06-27', 'C'),
(75, 4, 20, 'A', '10:23:00', '2013-06-27', 'C'),
(76, 12, 30, 'A', '10:23:00', '2013-06-27', 'C'),
(77, 7, 28, 'A', '10:24:00', '2013-06-27', 'C'),
(78, 7, 28, 'A', '10:32:00', '2013-06-27', 'C'),
(79, 7, 28, 'A', '10:33:00', '2013-06-27', 'C'),
(80, 7, 24, 'A', '10:38:00', '2013-06-27', 'C'),
(81, 7, 24, 'A', '10:39:00', '2013-06-27', 'C'),
(82, 7, 24, 'A', '10:46:00', '2013-06-27', 'C'),
(83, 7, 24, 'A', '10:47:00', '2013-06-27', 'C'),
(84, 7, 8, 'A', '10:48:00', '2013-06-27', 'C'),
(85, 7, 8, 'A', '10:50:00', '2013-06-27', 'C'),
(86, 7, 14, 'A', '10:51:00', '2013-06-27', 'C'),
(87, 7, 4, 'A', '10:59:00', '2013-06-27', 'C'),
(88, 7, 4, 'A', '11:00:00', '2013-06-27', 'C'),
(89, 7, 24, 'A', '11:01:00', '2013-06-27', 'C'),
(90, 7, 24, 'A', '11:02:00', '2013-06-27', 'C'),
(91, 7, 24, 'A', '11:03:00', '2013-06-27', 'C'),
(92, 3, 4, 'A', '11:06:00', '2013-06-27', 'C'),
(93, 4, 5, 'A', '11:07:00', '2013-06-27', 'C'),
(94, 7, 14, 'A', '11:09:00', '2013-06-27', 'C'),
(95, 3, 9, 'A', '11:11:00', '2013-06-27', 'C'),
(96, 3, 9, 'A', '11:11:00', '2013-06-27', 'C'),
(97, 7, 14, 'A', '11:12:00', '2013-06-27', 'C'),
(98, 7, 29, 'A', '11:15:00', '2013-06-27', 'C'),
(99, 7, 29, 'A', '11:16:00', '2013-06-27', 'C'),
(100, 7, 20, 'A', '17:49:00', '2013-06-27', 'C'),
(101, 6, 7, 'C', '17:50:00', '2013-06-27', 'C'),
(102, 8, 8, 'C', '17:50:00', '2013-06-27', 'C'),
(103, 11, 29, 'A', '17:51:00', '2013-06-27', 'C'),
(104, 1, 9, 'C', '17:52:00', '2013-06-27', 'C'),
(105, 1, 10, 'C', '18:05:00', '2013-06-27', 'C'),
(106, 1, 10, 'C', '18:05:00', '2013-06-27', 'C'),
(107, 1, 10, 'C', '18:07:00', '2013-06-27', 'C'),
(108, 1, 10, 'C', '18:08:00', '2013-06-27', 'C'),
(109, 1, 10, 'C', '18:08:00', '2013-06-27', 'C'),
(110, 7, 13, 'A', '18:20:00', '2013-06-29', 'C'),
(111, 7, 13, 'A', '18:23:00', '2013-06-29', 'C'),
(112, 3, 3, 'A', '18:32:00', '2013-06-29', 'C'),
(113, 2, 2, 'A', '18:33:00', '2013-06-29', 'C'),
(114, 4, 5, 'A', '18:34:00', '2013-06-29', 'C'),
(115, 2, 2, 'A', '18:36:00', '2013-06-29', 'C'),
(116, 7, 3, 'A', '18:39:00', '2013-06-29', 'C'),
(117, 1, 1, 'A', '20:01:00', '2013-06-29', 'C'),
(118, 6, 2, 'A', '10:46:00', '2013-07-01', 'L'),
(119, 6, 8, 'A', '11:01:00', '2013-07-01', 'C'),
(120, 7, 4, 'A', '11:35:00', '2013-07-01', 'C'),
(121, 10, 9, 'A', '11:37:00', '2013-07-01', 'C'),
(122, 1, 1, 'A', '13:04:00', '2013-07-01', 'C'),
(123, 1, 2, 'A', '13:05:00', '2013-07-01', 'L'),
(124, 2, 2, 'A', '13:06:00', '2013-07-01', 'L'),
(125, 6, 7, 'A', '13:06:00', '2013-07-01', 'L'),
(126, 6, 3, 'A', '13:07:00', '2013-07-01', 'L'),
(127, 7, 3, 'A', '13:07:00', '2013-07-01', 'L');

-- --------------------------------------------------------

--
-- Table structure for table `user`
--

CREATE TABLE IF NOT EXISTS `user` (
  `userId` int(11) NOT NULL auto_increment,
  `userName` varchar(500) character set utf8 default NULL,
  `password` varchar(50) character set utf8 default NULL,
  `userType` varchar(255) NOT NULL,
  PRIMARY KEY  (`userId`)
) ENGINE=InnoDB  DEFAULT CHARSET=latin1 AUTO_INCREMENT=3 ;

--
-- Dumping data for table `user`
--

INSERT INTO `user` (`userId`, `userName`, `password`, `userType`) VALUES
(1, 'om', 'om', 'admin'),
(2, 'om1', 'om1', 'local');

-- --------------------------------------------------------

--
-- Table structure for table `waiter`
--

CREATE TABLE IF NOT EXISTS `waiter` (
  `waiterId` int(11) NOT NULL auto_increment,
  `waiterName` varchar(50) character set utf8 default NULL,
  PRIMARY KEY  (`waiterId`)
) ENGINE=InnoDB  DEFAULT CHARSET=latin1 AUTO_INCREMENT=17 ;

--
-- Dumping data for table `waiter`
--

INSERT INTO `waiter` (`waiterId`, `waiterName`) VALUES
(1, 'A'),
(2, 'B'),
(3, 'C'),
(4, 'D'),
(5, 'E'),
(6, 'F'),
(7, 'G'),
(8, 'H'),
(9, 'I'),
(10, 'J'),
(11, 'K'),
(12, 'L'),
(13, 'M'),
(14, 'N'),
(15, 'O'),
(16, 'P');
